Number,Date,Account,Amount,Subcategory,Memo
0,14/02/2025,20-14-33 73243397,2053.38,Counter Credit,RAMCO MANOR PARK      	J N DESAI BGC	
	990037,11/02/2025,20-14-33 73243397,-670.35,Direct Debit,AMERICAN EXPRESS      	3773-868519-51002 DDR
	559248,05/02/2025,20-14-33 73243397,-50.00,Direct Debit,EYECARE PAYMENTS L    	01126/3045540/02 DDR	
	0,04/02/2025,20-14-33 73243397,-5.00,Debit,Blue Rewards Fee CB   	Blue Rewards Fee CB		
	277002,03/02/2025,20-14-33 73243397,-6.50,Direct Debit,ETIKA                 	238000425062 DDR	
	253773,03/02/2025,20-14-33 73243397,-36.95,Direct Debit,CLUBWISE              	AGRP14928 DDR	
	691995,03/02/2025,20-14-33 73243397,-53.56,Direct Debit,AIG LIFE LTD          	P612607264-A DDR	
	671752,03/02/2025,20-14-33 73243397,-53.56,Direct Debit,ROYAL LONDON          	01DRUL00092527162M DD
	0,30/01/2025,20-14-33 73243397,-2.99,Card Purchase,APPLE.COM/BILL        IRELAND	ON 29 JAN BCC	
	0,29/01/2025,20-14-33 73243397,1555.31,Counter Credit,Astrenska Insuranc    	01-300020014472642 BG
	991364,29/01/2025,20-14-33 73243397,-75.70,Direct Debit,BUPA CENTRAL A/C      	0671621989 DDR	
	0,28/01/2025,20-14-33 73243397,-25.01,Debit,McDonalds 8260791     	ON 26 JAN CPM	
	0,21/01/2025,20-14-33 73243397,-3223.42,Card Purchase,HMRC GOV.UK SA        	ON 20 JAN BCC	
	0,20/01/2025,20-14-33 73243397,3223.42,Counter Credit,Instant Saver         	Tax Jan 25 2425 BGC	
	0,16/01/2025,20-14-33 73243397,1453.98,Counter Credit,RAMCO MANOR PARK      	J N DESAI BGC	
	0,13/01/2025,20-14-33 73243397,-23.00,Funds Transfer,RICHARD FAIRCHILD     	F1 ARCADE FT	
	0,13/01/2025,20-14-33 73243397,-4.49,Card Purchase,APPLE.COM/BILL        IRELAND	ON 10 JAN BCC	
	990037,09/01/2025,20-14-33 73243397,-618.30,Direct Debit,AMERICAN EXPRESS      	3773-868519-51002 DDR
	0,06/01/2025,20-14-33 73243397,-2.00,Debit,Sainsburys Locksbo    	ON 05 JAN CPM	
	559248,06/01/2025,20-14-33 73243397,-50.00,Direct Debit,EYECARE PAYMENTS L    	01126/3045540/02 DDR	
	0,03/01/2025,20-14-33 73243397,-5.00,Debit,Blue Rewards Fee CB   	Blue Rewards Fee CB		
	691995,03/01/2025,20-14-33 73243397,-53.56,Direct Debit,AIG LIFE LTD          	P612607264-A DDR	
	671752,02/01/2025,20-14-33 73243397,-53.56,Direct Debit,ROYAL LONDON          	01DRUL00091597095M DD
	277002,02/01/2025,20-14-33 73243397,-6.50,Direct Debit,ETIKA                 	238000425062 DDR	
	253773,02/01/2025,20-14-33 73243397,-36.95,Direct Debit,CLUBWISE              	AGRP14928 DDR	
	0,02/01/2025,20-14-33 73243397,-28.53,Debit,McDonalds 8260791     	ON 30 DEC CPM	
	991364,31/12/2024,20-14-33 73243397,-75.70,Direct Debit,BUPA CENTRAL A/C      	0671621989 DDR	
	0,30/12/2024,20-14-33 73243397,-2.99,Card Purchase,APPLE.COM/BILL        IRELAND	ON 29 DEC BCC	
	0,16/12/2024,20-14-33 73243397,-4000.00,Funds Transfer,PAYWARD LTD.          	D69F09B4D8A90D8CPL FT
	0,16/12/2024,20-14-33 73243397,1749.66,Counter Credit,RAMCO MANOR PARK      	J N DESAI BGC	
	990037,11/12/2024,20-14-33 73243397,-2309.15,Direct Debit,AMERICAN EXPRESS      	3773-868519-51002 DDR
	0,10/12/2024,20-14-33 73243397,-3000.00,Funds Transfer,JAY DESAI             	ETORO FT	
	0,09/12/2024,20-14-33 73243397,-3000.00,Funds Transfer,JAY DESAI             	ETORO FT	
	0,09/12/2024,20-14-33 73243397,10000.00,Counter Credit,Jn Desai Limited      	DLA repayment BGC	
	0,06/12/2024,20-14-33 73243397,-4.49,Card Purchase,APPLE.COM/BILL        IRELAND	ON 05 DEC BCC	
	559248,05/12/2024,20-14-33 73243397,-50.00,Direct Debit,EYECARE PAYMENTS L    	01126/3045540/02 DDR	
	0,03/12/2024,20-14-33 73243397,-5.00,Debit,Blue Rewards Fee CB   	Blue Rewards Fee CB		
	0,02/12/2024,20-14-33 73243397,-1065.19,Funds Transfer,JAY DESAI             	TAX OCTOBER 24 FT	
	691995,02/12/2024,20-14-33 73243397,-53.56,Direct Debit,AIG LIFE LTD          	P612607264-A DDR	
	253773,02/12/2024,20-14-33 73243397,-36.95,Direct Debit,CLUBWISE              	AGRP14928 DDR	
	277002,02/12/2024,20-14-33 73243397,-6.50,Direct Debit,ETIKA                 	238000425062 DDR	
	671752,02/12/2024,20-14-33 73243397,-53.56,Direct Debit,ROYAL LONDON          	01DRUL00090811751M DD
	0,02/12/2024,20-14-33 73243397,-3000.00,Funds Transfer,JAY DESAI             	ETORO FT	
	0,29/11/2024,20-14-33 73243397,-2.99,Card Purchase,APPLE.COM/BILL        IRELAND	ON 29 NOV BCC	
	991364,28/11/2024,20-14-33 73243397,-75.70,Direct Debit,BUPA CENTRAL A/C      	0671621989 DDR	
	
